Name,University,Province,Department,Email,Research Areas,Recent Papers,Scholarship Type,Source URL
Prof. Yinglong Chen,China Agricultural University (CAU),Beijing,College of Agronomy and Biotechnology,chen_agronomy@cau.edu.cn,Crop Physiology; Root Architecture; Drought Resilience,(2025) Root plasticity and wheat yield under dry conditions,CSC Type B,https://cab.cau.edu.cn
Prof. Jianhua Zhang,Nanjing Agricultural University (NJAU),Jiangsu,College of Agriculture,zhang_njau@njau.edu.cn,Crop Cultivation; Agronomy; Water-Saving Agriculture,(2024) Optimized nitrogen-water interaction in grain crops,CSC Type B / Jiangsu Gov,http://agro.njau.edu.cn
Prof. Xiaoli Tian,Chinese Academy of Agricultural Sciences (CAAS),Beijing,Institute of Crop Sciences,tian_caas@caas.cn,Plant Nutrition; Lodging Resistance; Crop Physiology,(2024) Chemical regulation and stalk strength in field crops,CSC / CAAS Fellowship,http://ics.caas.cn
Prof. Wei Huang,Huazhong Agricultural University (HZAU),Hubei,College of Plant Science and Technology,huang_hzau@mail.hzau.edu.cn,Crop Growth Modeling; Smart Agronomy; Canopy Architecture,(2025) Canopy photosynthesis under high-temperature stress,CSC Type B / Hubei Gov,http://cpst.hzau.edu.cn
Prof. Shanchao Yue,Northwest A&F University (NWAFU),Shaanxi,College of Agronomy,yue_nwafu@nwafu.edu.cn,Dryland Agronomy; Soil Fertility; Plastic Mulch Dynamics,(2024) Water-use efficiency in dryland maize-wheat rotations,CSC Type B,https://agr.nwafu.edu.cn
Prof. Baocheng Wang,University of Chinese Academy of Sciences (UCAS),Beijing,College of Agriculture and Forestry,bcwang@ucas.ac.cn,Crop Molecular Ecology; Plant-Microbe Symbiosis; Stress Tolerance,(2025) Rhizosphere microbiome engineering for crop resilience,ANSO Scholarship / UCAS,https://ucas.ac.cn
Prof. Hongbo Shao,CAS Institute of Genetics & Developmental Biology,Beijing,Key Laboratory of Agricultural Ecology,shao_cas@genetics.ac.cn,Saline-Alkali Soil Remediation; Halophytic Agronomy; Abiotic Stress,(2024) Sustainable crop production in degraded soils,ANSO Scholarship,http://www.genetics.ac.cn
Prof. Guisheng Zhou,Yangzhou University,Jiangsu,College of Agriculture,zhou_yzu@yzu.edu.cn,Saline Agriculture; Crop Salt Tolerance; Forage Agronomy,(2024) Salinity tolerance mechanisms in grain legumes,CSC / Jiangsu Gov,http://nxy.yzu.edu.cn
Prof. Mingrong He,Shandong Agricultural University (SDAU),Shandong,College of Agronomy,mrhe@sdau.edu.cn,Wheat Agronomy; High-Yield Cultivation; Nutrient Use Efficiency,(2025) Nitrogen partitioning and grain quality in winter wheat,CSC / Shandong Gov,http://nxy.sdau.edu.cn
Prof. Wenyu Yang,Sichuan Agricultural University (SICAU),Sichuan,College of Agronomy,yang_sicau@sicau.edu.cn,Intercropping Agronomy; Maize-Soybean Strip Intercropping; Crop Light Competition,(2024) Yield advantage in cereal-legume intercropping,CSC / Sichuan Gov,https://nxy.sicau.edu.cn
Prof. Hongxiang Ma,Henan Agricultural University,Henan,College of Agronomy,hxma@henau.edu.cn,Crop Breeding & Cultivation; Disease Resistance; Yield Stability,(2024) Breeding wheat varieties for climate resilience,CSC / Henan Gov,http://nxy.henau.edu.cn
Prof. Shenglong Tang,Hunan Agricultural University,Hunan,College of Agronomy,tang_hunau@hunau.edu.cn,Rice Agronomy; Lodging Resistance; Direct-Seeding Technology,(2025) Lodging resistance mechanisms in direct-seeded rice,CSC / Hunan Gov,http://nxy.hunau.edu.cn
Prof. Yanfeng Ding,Anhui Agricultural University,Anhui,School of Agronomy,yfding@ahau.edu.cn,Crop Ecological Physiology; Climate Change Agronomy; Soil Health,(2024) Elevated CO2 and temperature effects on crop growth,CSC / Anhui Gov,http://nxy.ahau.edu.cn
Prof. Qiusheng Chen,Gansu Agricultural University,Gansu,College of Agronomy,chen_gau@gsau.edu.cn,Oasis Agronomy; Water Harvesting; Drought-Resistant Crops,(2024) Rainwater harvesting systems in arid farming,CSC / Gansu Gov,http://nxy.gsau.edu.cn
Prof. Aimin Zhang,Xinjiang Agricultural University,Xinjiang,College of Agronomy,zhang_xjau@xjau.edu.cn,Cotton Agronomy; Drip Irrigation under Mulch; Arid Zone Agriculture,(2025) High-efficiency drip fertigation in cotton,CSC / Xinjiang Gov,http://nxy.xjau.edu.cn
Prof. Junfei Gu,Zhejiang University,Zhejiang,College of Agriculture and Biotechnology,gu_zju@zju.edu.cn,Smart Crop Phenotyping; Functional-Structural Plant Modeling; Photosynthesis,(2025) 3D plant canopy modeling for yield optimization,CSC Type B / Zhejiang Gov,http://www.cab.zju.edu.cn
